{
	"pros": {
		"장착": 0.7083333333333334,
		"구매": 0.7368421052631579,
		"나사": 0.75
	},
	"cons": {
		"하이닉스": 0.5454545454545454,
		"노트북": 0.5555555555555556,
		"설치": 0.5882352941176471
	}
}